Label,BLEU,chrF,COMET
pt-nl,27.57662194131473,57.835122656105455,87.52002234756947
fr-en,49.69684195137147,71.9325374979775,90.25718683004379
fi-de,29.987001980735606,58.98972516118708,88.20539574325085
it-fr,33.34846518618481,60.851309795654764,87.38608630001545
nl-el,18.98024781020064,46.76109458440212,87.29395717382431
pt-el,24.175947844230823,50.96517348853381,88.88953655958176
es-fi,19.249953907553543,55.10622958250278,91.15452052652836
sv-nl,28.040791743767414,58.18079950584772,87.79571820050478
fi-es,22.852030753218354,51.088287343369245,86.87903636693954
da-it,29.57951432731664,58.478603863002164,88.32170490920544
pt-sv,36.774190249967454,64.04761375547979,90.70479902625084
el-sv,32.38102319292307,60.42672521489722,89.68063442409039
it-el,21.10223576811498,48.97553197262121,88.74882981181145
it-da,29.48884624394942,58.38899786090125,89.48944149911404
it-es,22.636274325759338,51.64344553270919,85.93244053423405
pt-en,55.54505517939692,75.49218404018818,90.87980230152607
pt-de,36.787978507772344,63.210753101869166,87.3958984464407
fi-en,39.66020392610423,65.79128347174819,91.01956397294998
es-pt,24.278693425396728,54.95131233330548,87.94960828125477
da-en,51.678228670274564,74.55116006900734,91.02968840301037
nl-en,36.99105522640616,64.49189433367054,88.61883860826492
de-nl,28.88178072640398,58.73785358545206,88.44406982511282
nl-fi,18.381937288739827,54.698642853954205,90.62124729156494
de-es,26.09496982183532,52.9071306451054,85.29283447563648
da-fr,43.61707468049927,66.97902275176884,87.61070597171783
fi-fr,36.19627395759656,61.95497168548641,88.31873098015785
es-sv,27.26313269420669,57.60615907506518,89.00770199298859
da-pt,42.01516478751264,65.16971096217551,89.6055296510458
sv-el,24.861579230287955,51.54765873078573,89.08944924175739
it-fi,20.8523459871046,55.95349051116624,91.30747167766094
fr-es,26.655845595873743,53.97745972256437,86.47984147071838
en-el,29.047136025747186,55.228015326677124,90.3882622718811
da-es,26.773881784781658,53.814793308873256,86.07728759944439
fi-pt,32.26625014586176,59.12557684878939,89.35227000713348
es-en,35.98561313413101,63.9828052013398,88.47052109241486
sv-pt,41.70502419329729,64.90154186902572,89.20107516646385
en-pt,51.370511954611906,72.09179451262034,90.72433932125568
en-fi,29.36792034215523,62.4407078826575,93.40387783944607
it-nl,23.42643791616796,55.69146161726378,86.85010223835707
nl-pt,30.540324821309976,58.250315301476604,87.37466350197792
el-en,43.56530609823685,68.19220585863232,89.57201500236988
fr-nl,26.660309194905114,57.44113270615443,87.49514501541853
pt-es,25.341997983919256,52.836499056697626,86.63675600290298
el-da,34.77340315789733,61.03502200766366,89.71972039341927
sv-es,26.284242565925275,53.243291535090044,85.80430036783218
fi-it,25.794782435380856,55.60957421286633,88.924121722579
fr-fi,24.417396973606273,58.53399976637712,91.77354657649994
el-fi,22.467561938071764,57.20818514161559,91.11407671868801
fr-pt,39.96364410459078,64.39002754702625,89.36734208464622
da-el,25.17720383640351,51.973855674724035,89.15912039577961
nl-sv,25.760948362720164,57.474439835303656,88.84333664178848
fi-da,30.188756992018618,58.7703731783713,90.77162780054849
it-de,31.180642369488954,59.41517304118958,86.61640471220016
sv-en,52.92581333409349,74.49479259298879,90.79672086238861
pt-fi,24.432898465004083,58.613812260486306,91.7338405996561
da-sv,38.96863995130944,66.17568215998023,91.56700259447098
en-it,32.68649103010715,61.69027423563883,89.6215073466301
da-fi,25.40395065303987,59.834235328026494,92.283944606781
fr-it,26.51335023581287,57.15158776217238,88.91367557644844
it-pt,29.244246831384935,58.41780829848493,88.76918391883373
fi-nl,25.185672100294695,56.261263883783855,88.49359279870987
fi-sv,27.622318479661505,58.49018865314737,90.829394698143
de-fr,40.47098565423577,64.78391406866965,87.47775429487228
sv-da,40.109913552315945,65.20075115182561,91.38129524886608
sv-fr,41.69300461965706,65.33761183282698,87.29384283721447
es-fr,32.27095501551716,59.332394499285655,86.5284594297409
en-sv,46.35155414198255,70.6160031718856,92.05156175792217
nl-da,28.519843379988064,57.57748926308045,89.17403756082058
en-da,49.252663282606385,71.4428585199926,91.94448330998421
fr-de,34.8756386046337,61.800994471707696,87.27604439854622
el-it,25.62459498147236,56.1555197799747,87.9745611846447
en-es,29.18418203838658,56.26959084221303,87.15073144435883
fi-el,21.104690133841544,48.701959028868465,89.46065686643124
nl-it,24.155952038457496,54.441140094087295,86.93626229465008
en-nl,30.93016521297787,61.12872616329834,88.9339849203825
el-pt,35.88901312145152,61.10710637750005,88.46081832051277
es-el,19.83644299093354,47.770351490424424,88.38398371636868
da-de,38.86372343807158,64.65359210992393,88.51902677118778
el-nl,26.445648928496396,56.486846363333335,86.62264778465033
fr-sv,35.29041917976486,62.58033086733189,89.64023306965828
el-fr,39.095590078592075,63.38784596898181,86.91400289535522
pt-fr,44.783242636661626,67.61383176243217,88.40646955370903
de-it,29.158139984054,58.2472489455103,88.23045720160007
sv-de,38.25017648663524,63.91886259252429,88.64769479632378
de-pt,38.34922712528269,63.45177519831279,88.69643081724644
es-it,21.660032903042534,53.85323732576685,87.79511138796806
nl-es,23.375163756797072,50.610824518925234,84.39978386461735
it-en,39.20655472207818,66.2114377678922,89.15247440338135
de-da,38.691221019332716,63.78995964896711,90.70739573985338
de-en,48.81194478027723,71.9351961066504,90.49801363050938
es-nl,23.118785048531883,54.706264382630444,86.52972102165222
es-da,28.6402570464069,57.52893371613577,89.21978744864464
fr-da,36.655552747390495,62.711961255080936,89.62879031896591
de-fi,25.57226913588357,59.18190836810025,91.63380286097527
de-sv,36.04433060268466,63.50453466273016,90.72274842858315
pt-it,27.246518890152164,57.211822643960765,89.04462276399136
en-de,43.61430753876413,67.99867454933982,89.40231251716614
sv-fi,24.520846401029843,59.512724823955665,91.92275834083557
de-el,24.689201897862443,51.042903106298574,88.4652249366045
el-de,32.386091017439206,60.10074773159272,86.66343124210835
nl-de,28.78649088615137,57.433125220178326,86.76676158607006
da-nl,28.913497392906844,58.834710867615804,88.3527310937643
el-es,25.1883045544156,52.65992097022588,85.82275232672691
es-de,28.287042681412238,57.258402053455335,86.05271163582802
nl-fr,33.13107483846575,59.75807929384214,86.01704229414463
sv-it,28.676571966487728,58.17024799451514,88.5729022026062
pt-da,39.13237377809657,64.40081713221859,90.6475018709898
it-sv,28.651398683750678,58.7823646553254,89.51232728362083
fr-el,24.754356031918345,51.40761434992397,89.11017727851868
en-fr,51.949974651311905,71.79601801724161,89.40991453826427
